--Purpose    : Adding error codes for warranty claim upload
--Author     : Bharath kumar
--Created On : 14/04/2010
--Impact     : None

Insert into UPLOAD_ERROR (ID,CODE,UPLOAD_FIELD) values (1,'DC001','BUSINESS UNIT NAME')
/
Insert into UPLOAD_ERROR (ID,CODE,UPLOAD_FIELD) values (2,'DC002','UNIQUE IDENTIFIER')
/
Insert into UPLOAD_ERROR (ID,CODE,UPLOAD_FIELD) values (3,'DC003','CLAIM TYPE')
/
Insert into UPLOAD_ERROR (ID,CODE,UPLOAD_FIELD) values (4,'DC004','SERIAL NUMBER')
/
Insert into UPLOAD_ERROR (ID,CODE,UPLOAD_FIELD) values (5,'DC005','SERIAL NUMBER')
/
Insert into UPLOAD_ERROR (ID,CODE,UPLOAD_FIELD) values (6,'DC006','MODEL NUMBER')
/
Insert into UPLOAD_ERROR (ID,CODE,UPLOAD_FIELD) values (7,'DC007','MODEL NUMBER')
/
Insert into UPLOAD_ERROR (ID,CODE,UPLOAD_FIELD) values (8,'DC008','MODEL NUMBER')
/
Insert into UPLOAD_ERROR (ID,CODE,UPLOAD_FIELD) values (9,'DC009','MODEL NUMBER')
/
Insert into UPLOAD_ERROR (ID,CODE,UPLOAD_FIELD) values (10,'DC010','MODEL NUMBER')
/
Insert into UPLOAD_ERROR (ID,CODE,UPLOAD_FIELD) values (11,'DC011','ITEM NUMBER')
/
Insert into UPLOAD_ERROR (ID,CODE,UPLOAD_FIELD) values (12,'DC012','ITEM NUMBER')
/
Insert into UPLOAD_ERROR (ID,CODE,UPLOAD_FIELD) values (13,'DC013','MODEL NUMBER')
/
Insert into UPLOAD_ERROR (ID,CODE,UPLOAD_FIELD) values (14,'DC014','PART ITEM NUMBER')
/
Insert into UPLOAD_ERROR (ID,CODE,UPLOAD_FIELD) values (15,'DC015','PART ITEM NUMBER')
/
Insert into UPLOAD_ERROR (ID,CODE,UPLOAD_FIELD) values (16,'DC016','HOURS IN SERVICE')
/
Insert into UPLOAD_ERROR (ID,CODE,UPLOAD_FIELD) values (17,'DC017','HOURS IN SERVICE')
/
Insert into UPLOAD_ERROR (ID,CODE,UPLOAD_FIELD) values (18,'DC018','REPAIR DATE')
/
Insert into UPLOAD_ERROR (ID,CODE,UPLOAD_FIELD) values (19,'DC019','FAILURE DATE')
/
Insert into UPLOAD_ERROR (ID,CODE,UPLOAD_FIELD) values (20,'DC020','INSTALLATION DATE')
/
Insert into UPLOAD_ERROR (ID,CODE,UPLOAD_FIELD) values (21,'DC021','WORK ORDER NUMBER')
/
Insert into UPLOAD_ERROR (ID,CODE,UPLOAD_FIELD) values (22,'DC022','CONDITIONS FOUND')
/
Insert into UPLOAD_ERROR (ID,CODE,UPLOAD_FIELD) values (23,'DC023','WORK PERFORMED')
/
Insert into UPLOAD_ERROR (ID,CODE,UPLOAD_FIELD) values (24,'DC024','PROBABLE CAUSE')
/
Insert into UPLOAD_ERROR (ID,CODE,UPLOAD_FIELD) values (25,'DC025','CAUSAL PART')
/
Insert into UPLOAD_ERROR (ID,CODE,UPLOAD_FIELD) values (26,'DC026','CAMPAIGN CODE')
/
Insert into UPLOAD_ERROR (ID,CODE,UPLOAD_FIELD) values (27,'DC027','REPLACED IR PARTS QUANTITY')
/
Insert into UPLOAD_ERROR (ID,CODE,UPLOAD_FIELD) values (28,'DC028','REPLACED NON IR PARTS QUANTITY')
/
Insert into UPLOAD_ERROR (ID,CODE,UPLOAD_FIELD) values (29,'DC029','REPLACED NON IR PARTS PRICE')
/
Insert into UPLOAD_ERROR (ID,CODE,UPLOAD_FIELD) values (30,'DC030','REPLACED NON IR PARTS DESC')
/
Insert into UPLOAD_ERROR (ID,CODE,UPLOAD_FIELD) values (31,'DC031','SMR CLAIM')
/
Insert into UPLOAD_ERROR (ID,CODE,UPLOAD_FIELD) values (32,'DC032','REASON FOR SMR CLAIM')
/
Insert into UPLOAD_ERROR (ID,CODE,UPLOAD_FIELD) values (33,'DC033','REASON FOR SMR CLAIM')
/
Insert into UPLOAD_ERROR (ID,CODE,UPLOAD_FIELD) values (34,'DC034','INVOICE NUMBER')
/
Insert into UPLOAD_ERROR (ID,CODE,UPLOAD_FIELD) values (35,'DC035','HOURS ON PARTS')
/
Insert into UPLOAD_ERROR (ID,CODE,UPLOAD_FIELD) values (36,'DC036','REASON FOR EXTRA LABOR HOURS')
/
Insert into UPLOAD_ERROR (ID,CODE,UPLOAD_FIELD) values (37,'DC037','REPAIR DATE')
/
Insert into UPLOAD_ERROR (ID,CODE,UPLOAD_FIELD) values (38,'DC038','FAULT LOCATION')
/
Insert into UPLOAD_ERROR (ID,CODE,UPLOAD_FIELD) values (39,'DC039','JOB CODE')
/
Insert into UPLOAD_ERROR (ID,CODE,UPLOAD_FIELD) values (40,'DC040','FAULT FOUND')
/
Insert into UPLOAD_ERROR (ID,CODE,UPLOAD_FIELD) values (41,'DC041','CAUSED BY')
/
Insert into UPLOAD_ERROR (ID,CODE,UPLOAD_FIELD) values (42,'DC042','FAILURE DETAIL')
/
Insert into UPLOAD_ERROR (ID,CODE,UPLOAD_FIELD) values (43,'DC043','TECHNICIAN ID')
/
Insert into UPLOAD_ERROR (ID,CODE,UPLOAD_FIELD) values (44,'DC044','BUSINESS UNIT NAME')
/
Insert into UPLOAD_ERROR (ID,CODE,UPLOAD_FIELD) values (45,'DC045','REPLACED_IR_PARTS')
/
Insert into UPLOAD_ERROR (ID,CODE,UPLOAD_FIELD) values (46,'DC046','REPLACED_IR_PARTS')
/
Insert into UPLOAD_ERROR (ID,CODE,UPLOAD_FIELD) values (47,'DC047','REPLACED_IR_PARTS_QUANTITY')
/
Insert into UPLOAD_ERROR (ID,CODE,UPLOAD_FIELD) values (48,'DC048','REPLACED_IR_PARTS_QUANTITY')
/
Insert into UPLOAD_ERROR (ID,CODE,UPLOAD_FIELD) values (49,'DC049','MISCELLANEOUS PARTS')
/
Insert into UPLOAD_ERROR (ID,CODE,UPLOAD_FIELD) values (50,'DC050','MISCELLANEOUS PARTS')
/
Insert into UPLOAD_ERROR (ID,CODE,UPLOAD_FIELD) values (51,'DC051','MISC PARTS QUANTITY')
/
Insert into UPLOAD_ERROR (ID,CODE,UPLOAD_FIELD) values (52,'DC052','MISC PARTS QUANTITY')
/
Insert into UPLOAD_ERROR (ID,CODE,UPLOAD_FIELD) values (53,'DC053','MISC PARTS QUANTITY')
/
Insert into UPLOAD_ERROR (ID,CODE,UPLOAD_FIELD) values (131,'DC054','REPLACED IR PARTS QUANTITY')
/
Insert into UPLOAD_ERROR (ID,CODE,UPLOAD_FIELD) values (132,'DC055','MISC PARTS QUANTITY')
/
Insert into UPLOAD_ERROR (ID,CODE,UPLOAD_FIELD) values (133,'DC056','REPLACED NON IR PARTS')
/
Insert into UPLOAD_ERROR (ID,CODE,UPLOAD_FIELD) values (134,'DC057','REPLACED NON IR PARTS QUANTITY')
/
Insert into UPLOAD_ERROR (ID,CODE,UPLOAD_FIELD) values (135,'DC058','REPLACED NON IR PARTS QUANTITY')
/
Insert into UPLOAD_ERROR (ID,CODE,UPLOAD_FIELD) values (136,'DC059','REPLACED NON IR PARTS QUANTITY')
/
Insert into UPLOAD_ERROR (ID,CODE,UPLOAD_FIELD) values (137,'DC060','REPLACED NON IR PARTS PRICE')
/
Insert into UPLOAD_ERROR (ID,CODE,UPLOAD_FIELD) values (138,'DC061','REPLACED NON IR PARTS PRICE')
/
Insert into UPLOAD_ERROR (ID,CODE,UPLOAD_FIELD) values (139,'DC062','REPLACED NON IR PARTS DESC')
/
Insert into UPLOAD_ERROR (ID,CODE,UPLOAD_FIELD) values (140,'DC063','REPLACED NON IR PARTS DESC')
/
Insert into UPLOAD_ERROR (ID,CODE,UPLOAD_FIELD) values (141,'DC064','SERIAL NUMBER')
/
Insert into UPLOAD_ERROR (ID,CODE,UPLOAD_FIELD) values (142,'DC065','CAMPAIGN CODE')
/
Insert into UPLOAD_ERROR (ID,CODE,UPLOAD_FIELD) values (143,'DC066','CLAIM TYPE')
/
Insert into UPLOAD_ERROR (ID,CODE,UPLOAD_FIELD) values (144,'DC004_CON','CONTAINER NUMBER')
/
Insert into UPLOAD_ERROR (ID,CODE,UPLOAD_FIELD) values (145,'DC005_CON','CONTAINER NUMBER')
/
Insert into UPLOAD_ERROR (ID,CODE,UPLOAD_FIELD) values (146,'DC064_CON','CAMPAIGN CODE')
/
Insert into i18nupload_error_text (ID,LOCALE,DESCRIPTION,UPLOAD_ERROR) values (131,'en_US','One or more Replaced IR Parts Quantity is not valid',131)
/
Insert into i18nupload_error_text (ID,LOCALE,DESCRIPTION,UPLOAD_ERROR) values (132,'en_US','One or more Misc Parts Quantity is not valid',132)
/
Insert into i18nupload_error_text (ID,LOCALE,DESCRIPTION,UPLOAD_ERROR) values (133,'en_US','Invalid format for Replcaed Non IR Parts',133)
/
Insert into i18nupload_error_text (ID,LOCALE,DESCRIPTION,UPLOAD_ERROR) values (134,'en_US','Invalid format for Replaced Non IR Parts Quantity',134)
/
Insert into i18nupload_error_text (ID,LOCALE,DESCRIPTION,UPLOAD_ERROR) values (135,'en_US','Number of quantity values do not match the number of Replaced Non IR Parts',135)
/
Insert into i18nupload_error_text (ID,LOCALE,DESCRIPTION,UPLOAD_ERROR) values (136,'en_US','One or more Replaced Non IR Parts Quantity is not valid',136)
/
Insert into i18nupload_error_text (ID,LOCALE,DESCRIPTION,UPLOAD_ERROR) values (137,'en_US','Invalid format for Replaced Non IR Parts Price',137)
/
Insert into i18nupload_error_text (ID,LOCALE,DESCRIPTION,UPLOAD_ERROR) values (138,'en_US','Number of price values do not match the number of Replaced Non IR Parts',138)
/
Insert into i18nupload_error_text (ID,LOCALE,DESCRIPTION,UPLOAD_ERROR) values (139,'en_US','Invalid format for Replaced Non IR Parts Desc',139)
/
Insert into i18nupload_error_text (ID,LOCALE,DESCRIPTION,UPLOAD_ERROR) values (140,'en_US','Number of desc values do not match the number of Replaced Non IR Parts',140)
/
Insert into i18nupload_error_text (ID,LOCALE,DESCRIPTION,UPLOAD_ERROR) values (141,'en_US','Invalid Serial Number for the Campaign Code',141)
/
Insert into i18nupload_error_text (ID,LOCALE,DESCRIPTION,UPLOAD_ERROR) values (142,'en_US','Invalid Campaign Code',142)
/
Insert into i18nupload_error_text (ID,LOCALE,DESCRIPTION,UPLOAD_ERROR) values (143,'en_US','Claim Type not allowed',143)
/
Insert into i18nupload_error_text (ID,LOCALE,DESCRIPTION,UPLOAD_ERROR) values (1,'en_US','Invalid Business Unit Name',1)
/
Insert into i18nupload_error_text (ID,LOCALE,DESCRIPTION,UPLOAD_ERROR) values (2,'en_US','Empty Unique Identifier',2)
/
Insert into i18nupload_error_text (ID,LOCALE,DESCRIPTION,UPLOAD_ERROR) values (3,'en_US','Invalid Claim Type',3)
/
Insert into i18nupload_error_text (ID,LOCALE,DESCRIPTION,UPLOAD_ERROR) values (4,'en_US','Empty Serial Number',4)
/
Insert into i18nupload_error_text (ID,LOCALE,DESCRIPTION,UPLOAD_ERROR) values (5,'en_US','Invalid Serial Number',5)
/
Insert into i18nupload_error_text (ID,LOCALE,DESCRIPTION,UPLOAD_ERROR) values (6,'en_US','Specify Model Number for duplicate Serial Number',6)
/
Insert into i18nupload_error_text (ID,LOCALE,DESCRIPTION,UPLOAD_ERROR) values (7,'en_US','Invalid Model Number',7)
/
Insert into i18nupload_error_text (ID,LOCALE,DESCRIPTION,UPLOAD_ERROR) values (8,'en_US','Invalid Model for Serial Number',8)
/
Insert into i18nupload_error_text (ID,LOCALE,DESCRIPTION,UPLOAD_ERROR) values (9,'en_US','Empty Model Number',9)
/
Insert into i18nupload_error_text (ID,LOCALE,DESCRIPTION,UPLOAD_ERROR) values (10,'en_US','Invalid Model Number',10)
/
Insert into i18nupload_error_text (ID,LOCALE,DESCRIPTION,UPLOAD_ERROR) values (11,'en_US','Empty Item Number',11)
/
Insert into i18nupload_error_text (ID,LOCALE,DESCRIPTION,UPLOAD_ERROR) values (12,'en_US','Invalid Item Number',12)
/
Insert into i18nupload_error_text (ID,LOCALE,DESCRIPTION,UPLOAD_ERROR) values (13,'en_US','Invalid Model for Item Number',13)
/
Insert into i18nupload_error_text (ID,LOCALE,DESCRIPTION,UPLOAD_ERROR) values (14,'en_US','Empty Part Item',14)
/
Insert into i18nupload_error_text (ID,LOCALE,DESCRIPTION,UPLOAD_ERROR) values (15,'en_US','Invalid Part Item',15)
/
Insert into i18nupload_error_text (ID,LOCALE,DESCRIPTION,UPLOAD_ERROR) values (16,'en_US','Empty Hours In Service',16)
/
Insert into i18nupload_error_text (ID,LOCALE,DESCRIPTION,UPLOAD_ERROR) values (17,'en_US','Invalid Hours In Service',17)
/
Insert into i18nupload_error_text (ID,LOCALE,DESCRIPTION,UPLOAD_ERROR) values (18,'en_US','Invalid Repair Date',18)
/
Insert into i18nupload_error_text (ID,LOCALE,DESCRIPTION,UPLOAD_ERROR) values (19,'en_US','Invalid Failure Date',19)
/
Insert into i18nupload_error_text (ID,LOCALE,DESCRIPTION,UPLOAD_ERROR) values (20,'en_US','Invalid Installation Date',20)
/
Insert into i18nupload_error_text (ID,LOCALE,DESCRIPTION,UPLOAD_ERROR) values (21,'en_US','Empty Work Order Number',21)
/
Insert into i18nupload_error_text (ID,LOCALE,DESCRIPTION,UPLOAD_ERROR) values (22,'en_US','Empty Conditions Found',22)
/
Insert into i18nupload_error_text (ID,LOCALE,DESCRIPTION,UPLOAD_ERROR) values (23,'en_US','Empty Work Performed',23)
/
Insert into i18nupload_error_text (ID,LOCALE,DESCRIPTION,UPLOAD_ERROR) values (24,'en_US','Empty Probable Cause',24)
/
Insert into i18nupload_error_text (ID,LOCALE,DESCRIPTION,UPLOAD_ERROR) values (25,'en_US','Invalid Causal Part',25)
/
Insert into i18nupload_error_text (ID,LOCALE,DESCRIPTION,UPLOAD_ERROR) values (26,'en_US','Empty Campaign Code',26)
/
Insert into i18nupload_error_text (ID,LOCALE,DESCRIPTION,UPLOAD_ERROR) values (27,'en_US','Empty Replaced IR Parts Quantity',27)
/
Insert into i18nupload_error_text (ID,LOCALE,DESCRIPTION,UPLOAD_ERROR) values (28,'en_US','Empty Replaced Non IR Parts quantity',28)
/
Insert into i18nupload_error_text (ID,LOCALE,DESCRIPTION,UPLOAD_ERROR) values (29,'en_US','Empty Replaced Non IR Parts Price',29)
/
Insert into i18nupload_error_text (ID,LOCALE,DESCRIPTION,UPLOAD_ERROR) values (30,'en_US','Empty Replaced Non IR parts description',30)
/
Insert into i18nupload_error_text (ID,LOCALE,DESCRIPTION,UPLOAD_ERROR) values (31,'en_US','Invalid SMR Claim',31)
/
Insert into i18nupload_error_text (ID,LOCALE,DESCRIPTION,UPLOAD_ERROR) values (32,'en_US','Empty Reason for SMR Claim',32)
/
Insert into i18nupload_error_text (ID,LOCALE,DESCRIPTION,UPLOAD_ERROR) values (33,'en_US','Invalid Reason for SMR Claim',33)
/
Insert into i18nupload_error_text (ID,LOCALE,DESCRIPTION,UPLOAD_ERROR) values (34,'en_US','Empty Invoice number',34)
/
Insert into i18nupload_error_text (ID,LOCALE,DESCRIPTION,UPLOAD_ERROR) values (35,'en_US','Invalid Hours on parts',35)
/
Insert into i18nupload_error_text (ID,LOCALE,DESCRIPTION,UPLOAD_ERROR) values (36,'en_US','Empty Reason for Extra Labor Hours',36)
/
Insert into i18nupload_error_text (ID,LOCALE,DESCRIPTION,UPLOAD_ERROR) values (37,'en_US','RepairDate is less than FailureDate',37)
/
Insert into i18nupload_error_text (ID,LOCALE,DESCRIPTION,UPLOAD_ERROR) values (38,'en_US','Invalid Fault Location',38)
/
Insert into i18nupload_error_text (ID,LOCALE,DESCRIPTION,UPLOAD_ERROR) values (39,'en_US','Invalid Job Code',39)
/
Insert into i18nupload_error_text (ID,LOCALE,DESCRIPTION,UPLOAD_ERROR) values (40,'en_US','Invalid Fault Found',40)
/
Insert into i18nupload_error_text (ID,LOCALE,DESCRIPTION,UPLOAD_ERROR) values (41,'en_US','Invalid Caused By',41)
/
Insert into i18nupload_error_text (ID,LOCALE,DESCRIPTION,UPLOAD_ERROR) values (42,'en_US','Invalid Failure Detail',42)
/
Insert into i18nupload_error_text (ID,LOCALE,DESCRIPTION,UPLOAD_ERROR) values (43,'en_US','Invalid Technician',43)
/
Insert into i18nupload_error_text (ID,LOCALE,DESCRIPTION,UPLOAD_ERROR) values (44,'en_US','Dealer does not belong to BU',44)
/
Insert into i18nupload_error_text (ID,LOCALE,DESCRIPTION,UPLOAD_ERROR) values (45,'en_US','Invalid format for Replaced IR Parts',45)
/
Insert into i18nupload_error_text (ID,LOCALE,DESCRIPTION,UPLOAD_ERROR) values (46,'en_US','One or more Replaced IR Parts are invalid',46)
/
Insert into i18nupload_error_text (ID,LOCALE,DESCRIPTION,UPLOAD_ERROR) values (47,'en_US','Invalid format for Replaced IR Parts Quantity',47)
/
Insert into i18nupload_error_text (ID,LOCALE,DESCRIPTION,UPLOAD_ERROR) values (48,'en_US','Number of quantity values do not match the number of Replaced IR Parts',48)
/
Insert into i18nupload_error_text (ID,LOCALE,DESCRIPTION,UPLOAD_ERROR) values (49,'en_US','Invalid format for Miscellaneous Parts',49)
/
Insert into i18nupload_error_text (ID,LOCALE,DESCRIPTION,UPLOAD_ERROR) values (50,'en_US','One or more Miscellaneous Parts are invalid',50)
/
Insert into i18nupload_error_text (ID,LOCALE,DESCRIPTION,UPLOAD_ERROR) values (51,'en_US','Empty Misc Parts Quantity',51)
/
Insert into i18nupload_error_text (ID,LOCALE,DESCRIPTION,UPLOAD_ERROR) values (52,'en_US','Invalid format for Misc Parts Quantity',52)
/
Insert into i18nupload_error_text (ID,LOCALE,DESCRIPTION,UPLOAD_ERROR) values (53,'en_US','Number of quantity values do not match the number of Miscellaneous Parts',53)
/
Insert into i18nupload_error_text values (144,'en_US','Empty Container Number',144)
/
Insert into i18nupload_error_text values (145,'en_US','Invalid Container Number',145)
/
Insert into i18nupload_error_text values (146,'en_US','Invalid Container Number for the Campaign Code',146)
/
insert into upload_mgt_upload_errors values(4,131)
/
insert into upload_mgt_upload_errors values(4,132)
/
insert into upload_mgt_upload_errors values(4,133)
/
insert into upload_mgt_upload_errors values(4,134)
/
insert into upload_mgt_upload_errors values(4,135)
/
insert into upload_mgt_upload_errors values(4,136)
/
insert into upload_mgt_upload_errors values(4,137)
/
insert into upload_mgt_upload_errors values(4,138)
/
insert into upload_mgt_upload_errors values(4,139)
/
insert into upload_mgt_upload_errors values(4,140)
/
insert into upload_mgt_upload_errors values(4,141)
/
insert into upload_mgt_upload_errors values(4,142)
/
insert into upload_mgt_upload_errors values(4,143)
/
insert into upload_mgt_upload_errors values(4,1)
/
insert into upload_mgt_upload_errors values(4,2)
/
insert into upload_mgt_upload_errors values(4,3)
/
insert into upload_mgt_upload_errors values(4,4)
/
insert into upload_mgt_upload_errors values(4,5)
/
insert into upload_mgt_upload_errors values(4,6)
/
insert into upload_mgt_upload_errors values(4,7)
/
insert into upload_mgt_upload_errors values(4,8)
/
insert into upload_mgt_upload_errors values(4,9)
/
insert into upload_mgt_upload_errors values(4,10)
/
insert into upload_mgt_upload_errors values(4,11)
/
insert into upload_mgt_upload_errors values(4,12)
/
insert into upload_mgt_upload_errors values(4,13)
/
insert into upload_mgt_upload_errors values(4,14)
/
insert into upload_mgt_upload_errors values(4,15)
/
insert into upload_mgt_upload_errors values(4,16)
/
insert into upload_mgt_upload_errors values(4,17)
/
insert into upload_mgt_upload_errors values(4,18)
/
insert into upload_mgt_upload_errors values(4,19)
/
insert into upload_mgt_upload_errors values(4,20)
/
insert into upload_mgt_upload_errors values(4,21)
/
insert into upload_mgt_upload_errors values(4,22)
/
insert into upload_mgt_upload_errors values(4,23)
/
insert into upload_mgt_upload_errors values(4,24)
/
insert into upload_mgt_upload_errors values(4,25)
/
insert into upload_mgt_upload_errors values(4,26)
/
insert into upload_mgt_upload_errors values(4,27)
/
insert into upload_mgt_upload_errors values(4,28)
/
insert into upload_mgt_upload_errors values(4,29)
/
insert into upload_mgt_upload_errors values(4,30)
/
insert into upload_mgt_upload_errors values(4,31)
/
insert into upload_mgt_upload_errors values(4,32)
/
insert into upload_mgt_upload_errors values(4,33)
/
insert into upload_mgt_upload_errors values(4,34)
/
insert into upload_mgt_upload_errors values(4,35)
/
insert into upload_mgt_upload_errors values(4,36)
/
insert into upload_mgt_upload_errors values(4,37)
/
insert into upload_mgt_upload_errors values(4,38)
/
insert into upload_mgt_upload_errors values(4,39)
/
insert into upload_mgt_upload_errors values(4,40)
/
insert into upload_mgt_upload_errors values(4,41)
/
insert into upload_mgt_upload_errors values(4,42)
/
insert into upload_mgt_upload_errors values(4,43)
/
insert into upload_mgt_upload_errors values(4,44)
/
insert into upload_mgt_upload_errors values(4,45)
/
insert into upload_mgt_upload_errors values(4,46)
/
insert into upload_mgt_upload_errors values(4,47)
/
insert into upload_mgt_upload_errors values(4,48)
/
insert into upload_mgt_upload_errors values(4,49)
/
insert into upload_mgt_upload_errors values(4,50)
/
insert into upload_mgt_upload_errors values(4,51)
/
insert into upload_mgt_upload_errors values(4,52)
/
insert into upload_mgt_upload_errors values(4,53)
/
insert into upload_mgt_upload_errors values (4,144)
/
insert into upload_mgt_upload_errors values (4,145)
/
insert into upload_mgt_upload_errors values (4,146)
/
commit
/


